id,start,stop,model_id,protein_id
1,18,221,3,1
2,18,133,3,2
3,156,233,3,2
4,95,288,3,789
5,10,206,3,941
6,12,214,3,942
7,14,216,3,790
8,8,205,3,791
9,69,239,3,943
10,84,255,3,792
11,12,214,3,793
12,12,214,3,794
13,294,542,1,3
14,25,193,2,3
15,796,846,5,3
16,53,292,6,4
17,41,292,6,5
18,61,203,6,6
19,515,765,1,7
20,437,497,7,7
21,600,847,1,8
22,94,499,2,8
23,1162,1207,5,8
24,591,839,1,9
25,84,490,2,9
26,1124,1175,5,9
27,596,844,1,10
28,84,495,2,10
29,1129,1180,5,10
30,596,844,1,11
31,89,495,2,11
32,1121,1169,5,11
33,587,835,1,12
34,80,486,2,12
35,1109,1159,5,12
36,565,813,1,13
37,69,464,2,13
38,1134,1190,5,13
39,591,839,1,14
40,85,491,2,14
41,1115,1161,5,14
42,596,843,1,15
43,89,495,2,15
44,1138,1179,5,15
45,484,732,1,16
46,75,433,2,16
47,1014,1069,5,16
48,589,837,1,17
49,81,488,2,17
50,1131,1182,5,17
51,573,820,1,18
52,67,472,2,18
53,1101,1146,5,18
54,312,560,1,19
55,48,207,2,19
56,883,940,5,19
57,590,838,1,20
58,70,489,2,20
59,1182,1239,5,20
60,594,841,1,21
61,86,493,2,21
62,1109,1159,5,21
63,277,525,1,22
64,100,176,2,22
65,785,835,5,22
66,600,848,1,23
67,84,499,2,23
68,1123,1174,5,23
69,575,823,1,24
70,67,474,2,24
71,1098,1149,5,24
72,591,839,1,25
73,84,490,2,25
74,1114,1165,5,25
75,596,844,1,26
76,84,495,2,26
77,1119,1170,5,26
78,580,828,1,27
79,73,479,2,27
80,1103,1150,5,27
81,581,829,1,28
82,74,480,2,28
83,1111,1162,5,28
84,573,821,1,29
85,69,472,2,29
86,1111,1161,5,29
87,565,813,1,30
88,68,466,2,30
89,1179,1236,5,30
90,573,821,1,31
91,69,472,2,31
92,1162,1219,5,31
93,25,143,4,32
94,597,844,1,33
95,91,496,2,33
96,1149,1193,5,33
97,590,838,1,34
98,83,489,2,34
99,1098,1144,5,34
100,587,835,1,35
101,80,486,2,35
102,1113,1164,5,35
103,586,834,1,36
104,70,485,2,36
105,1195,1252,5,36
106,318,566,1,37
107,59,218,2,37
108,860,917,5,37
109,588,836,1,38
110,81,487,2,38
111,1102,1153,5,38
112,588,836,1,39
113,71,487,2,39
114,1194,1251,5,39
115,573,821,1,40
116,69,472,2,40
117,1114,1171,5,40
118,576,824,1,41
119,81,471,2,41
120,1109,1160,5,41
121,579,827,1,42
122,70,478,2,42
123,1135,1192,5,42
124,582,829,1,43
125,76,480,2,43
126,1106,1150,5,43
127,586,834,1,44
128,79,485,2,44
129,1082,1132,5,44
130,25,78,7,45
131,593,841,1,46
132,86,492,2,46
133,1123,1174,5,46
134,590,838,1,47
135,80,486,2,47
136,1103,1153,5,47
137,586,834,1,48
138,79,486,2,48
139,1140,1190,5,48
140,6,120,4,49
141,9,126,4,50
142,8,121,4,51
143,64,353,6,52
144,64,353,6,53
145,64,353,6,54
146,86,244,6,55
147,31,269,6,56
148,56,298,6,57
149,117,226,6,58
150,87,247,6,59
151,346,594,1,60
152,1,245,2,60
153,866,916,5,60
154,579,827,1,61
155,75,478,2,61
156,1105,1155,5,61
157,286,534,1,62
158,1,185,2,62
159,822,872,5,62
160,71,196,4,63
161,98,164,4,64
162,971,1021,7,65
163,495,544,7,66
164,590,838,1,67
165,71,489,2,67
166,1184,1241,5,67
167,184,409,8,944
168,6,129,4,68
169,3,124,4,69
170,3,124,4,70
171,3,124,4,71
172,546,794,1,72
173,39,445,2,72
174,1071,1121,5,72
175,285,533,1,73
176,15,184,2,73
177,845,895,5,73
178,33,278,6,74
179,30,269,6,75
180,29,268,6,76
181,39,246,6,77
182,27,164,9,945
183,285,348,7,78
184,365,430,7,78
185,559,627,7,79
186,646,710,7,79
187,2678,2737,7,80
188,2790,2839,7,80
189,2777,2839,7,81
190,45,265,6,82
191,91,252,6,83
192,59,251,6,84
193,11,126,4,85
194,9,123,4,86
195,4,116,4,87
196,549,603,7,88
197,438,494,7,89
198,122,186,7,90
199,9,130,4,91
200,6,121,4,92
201,10,128,4,93
202,10,128,4,94
203,2,179,6,95
204,60,255,6,96
205,48,259,6,97
206,53,280,6,98
207,40,310,6,99
208,203,273,7,100
209,713,773,7,101
210,28,150,4,102
211,11,128,4,103
212,11,128,4,104
213,11,128,4,105
214,374,622,1,106
215,1,246,2,106
216,933,983,5,106
217,34,176,9,795
218,539,632,1,107
219,79,438,2,107
220,1007,1052,5,107
221,272,520,1,108
222,2,171,2,108
223,804,855,5,108
224,276,524,1,109
225,8,175,2,109
226,839,889,5,109
227,575,823,1,110
228,69,476,2,110
229,1099,1149,5,110
230,576,824,1,111
231,70,477,2,111
232,1100,1150,5,111
233,583,831,1,112
234,77,484,2,112
235,1107,1157,5,112
236,604,852,1,113
237,98,505,2,113
238,1128,1178,5,113
239,577,825,1,114
240,75,476,2,114
241,1103,1153,5,114
242,577,825,1,115
243,75,476,2,115
244,953,1003,5,115
245,589,837,1,116
246,82,488,2,116
247,1116,1166,5,116
248,587,835,1,117
249,80,486,2,117
250,1114,1164,5,117
251,583,831,1,118
252,74,482,2,118
253,1159,1209,5,118
254,592,840,1,119
255,83,490,2,119
256,1108,1142,5,119
257,543,791,1,120
258,82,251,2,120
259,276,442,2,120
260,1126,1175,5,120
261,556,804,1,121
262,82,241,2,121
263,287,455,2,121
264,1096,1145,5,121
265,589,837,1,122
266,82,488,2,122
267,1103,1154,5,122
268,565,813,1,123
269,69,464,2,123
270,1160,1217,5,123
271,565,813,1,124
272,69,465,2,124
273,939,996,5,124
274,577,825,1,125
275,70,476,2,125
276,1065,1122,5,125
277,568,816,1,126
278,70,467,2,126
279,1134,1191,5,126
280,565,813,1,127
281,70,464,2,127
282,1114,1171,5,127
283,602,850,1,128
284,83,501,2,128
285,1177,1234,5,128
286,590,837,1,129
287,84,488,2,129
288,1139,1184,5,129
289,562,809,1,130
290,56,460,2,130
291,1118,1163,5,130
292,584,831,1,131
293,78,482,2,131
294,1111,1156,5,131
295,576,823,1,132
296,72,474,2,132
297,1087,1132,5,132
298,40,167,9,946
299,78,267,8,947
300,6,125,4,133
301,19,138,4,134
302,6,127,4,135
303,239,304,7,136
304,324,392,7,136
305,554,622,7,136
306,638,703,7,136
307,723,791,7,136
308,807,872,7,136
309,1175,1243,7,136
310,1521,1586,7,136
311,20,89,6,137
312,62,290,6,138
313,32,261,6,139
314,37,262,6,140
315,41,229,6,141
316,26,133,6,142
317,65,293,6,143
318,25,255,6,144
319,43,250,6,145
320,46,267,6,146
321,33,261,6,147
322,33,248,6,148
323,32,199,9,948
324,23,187,9,949
325,23,185,9,950
326,23,185,9,940
327,50,211,9,951
328,624,872,1,149
329,71,486,2,149
330,1175,1199,5,149
331,595,843,1,150
332,81,493,2,150
333,1111,1146,5,150
334,587,835,1,151
335,80,486,2,151
336,1116,1166,5,151
337,578,826,1,152
338,73,477,2,152
339,1122,1173,5,152
340,475,540,7,153
341,558,625,7,153
342,645,715,7,153
343,930,995,7,154
344,5,125,4,155
345,9,134,4,156
346,580,826,1,157
347,73,477,2,157
348,1121,1172,5,157
349,604,852,1,158
350,96,502,2,158
351,1101,1125,5,158
352,590,838,1,159
353,83,489,2,159
354,1103,1153,5,159
355,50,171,4,160
356,6,120,4,161
357,6,125,4,162
358,5,121,4,163
359,7,120,4,164
360,6,121,4,165
361,34,272,6,166
362,124,269,6,167
363,42,287,6,168
364,57,259,6,169
365,45,290,6,170
366,66,218,6,171
367,198,435,6,172
368,58,222,6,173
369,32,275,6,174
370,34,287,6,175
371,28,273,6,176
372,30,196,9,952
373,21,185,9,953
374,37,262,6,177
375,41,262,6,178
376,7,236,6,179
377,49,250,6,180
378,7,236,6,181
379,30,275,6,182
380,20,249,6,183
381,6,235,6,184
382,8,140,4,185
383,6,121,4,186
384,6,121,4,187
385,11,126,4,188
386,6,125,4,189
387,32,159,9,954
388,50,188,9,976
389,589,837,1,190
390,81,487,2,190
391,1106,1131,5,190
392,10,124,4,191
393,617,681,7,192
394,698,764,7,192
395,2,66,6,193
396,49,289,6,194
397,48,289,6,195
398,579,827,1,196
399,75,478,2,196
400,1106,1156,5,196
401,579,827,1,197
402,75,478,2,197
403,1106,1156,5,197
404,579,827,1,198
405,75,478,2,198
406,1138,1188,5,198
407,590,837,1,199
408,84,488,2,199
409,1108,1153,5,199
410,572,820,1,200
411,69,471,2,200
412,949,1006,5,200
413,572,820,1,201
414,67,471,2,201
415,1095,1145,5,201
416,596,844,1,202
417,89,495,2,202
418,1117,1167,5,202
419,587,835,1,203
420,80,486,2,203
421,1098,1148,5,203
422,591,839,1,204
423,84,490,2,204
424,1125,1176,5,204
425,586,834,1,205
426,70,485,2,205
427,1098,1155,5,205
428,555,803,1,206
429,48,454,2,206
430,1089,1140,5,206
431,590,837,1,207
432,84,489,2,207
433,1141,1186,5,207
434,566,814,1,208
435,59,465,2,208
436,1100,1151,5,208
437,575,822,1,209
438,69,474,2,209
439,1142,1187,5,209
440,566,814,1,210
441,68,465,2,210
442,1073,1130,5,210
443,579,827,1,211
444,75,478,2,211
445,1192,1242,5,211
446,579,827,1,212
447,75,478,2,212
448,1149,1199,5,212
449,577,825,1,213
450,73,476,2,213
451,1160,1210,5,213
452,577,825,1,214
453,73,476,2,214
454,1111,1161,5,214
455,591,839,1,215
456,83,489,2,215
457,1100,1125,5,215
458,586,805,1,216
459,79,485,2,216
460,1040,1090,5,216
461,573,821,1,217
462,68,473,2,217
463,944,1001,5,217
464,546,694,1,218
465,43,375,2,218
466,1003,1054,5,218
467,516,664,1,219
468,58,390,2,219
469,935,986,5,219
470,516,664,1,220
471,58,390,2,220
472,780,831,5,220
473,569,815,1,221
474,64,466,2,221
475,899,950,5,221
476,593,841,1,222
477,86,492,2,222
478,1118,1168,5,222
479,579,827,1,223
480,75,478,2,223
481,1138,1188,5,223
482,579,827,1,224
483,75,478,2,224
484,1106,1156,5,224
485,607,855,1,225
486,100,506,2,225
487,1136,1186,5,225
488,592,840,1,226
489,85,491,2,226
490,1097,1147,5,226
491,559,807,1,227
492,54,458,2,227
493,1064,1114,5,227
494,587,835,1,228
495,80,486,2,228
496,1078,1128,5,228
497,560,806,1,229
498,55,457,2,229
499,919,970,5,229
500,583,829,1,230
501,76,480,2,230
502,1126,1177,5,230
503,591,839,1,231
504,83,489,2,231
505,1100,1126,5,231
506,592,840,1,232
507,85,491,2,232
508,1117,1167,5,232
509,583,831,1,233
510,76,482,2,233
511,1103,1153,5,233
512,593,841,1,234
513,86,492,2,234
514,1118,1168,5,234
515,586,834,1,235
516,79,486,2,235
517,1140,1190,5,235
518,573,821,1,236
519,69,472,2,236
520,1162,1212,5,236
521,576,824,1,237
522,65,475,2,237
523,1155,1204,5,237
524,578,825,1,238
525,67,473,2,238
526,1114,1166,5,238
527,598,845,1,239
528,85,493,2,239
529,1231,1283,5,239
530,596,843,1,240
531,85,491,2,240
532,1217,1269,5,240
533,511,758,1,241
534,3,406,2,241
535,1143,1195,5,241
536,581,829,1,242
537,74,480,2,242
538,1099,1150,5,242
539,588,836,1,243
540,81,487,2,243
541,1106,1157,5,243
542,573,821,1,244
543,63,469,2,244
544,1098,1148,5,244
545,583,831,1,245
546,70,482,2,245
547,1054,1111,5,245
548,570,818,1,246
549,70,469,2,246
550,1090,1147,5,246
551,597,845,1,247
552,81,496,2,247
553,1115,1166,5,247
554,553,801,1,248
555,67,452,2,248
556,1115,1172,5,248
557,567,815,1,249
558,60,466,2,249
559,1085,1136,5,249
560,44,335,6,250
561,51,157,6,251
562,242,426,6,251
563,48,271,6,252
564,6,122,4,253
565,9,134,4,254
566,92,223,4,255
567,92,223,4,256
568,600,847,1,257
569,94,499,2,257
570,1152,1197,5,257
571,1797,1847,4,258
572,59,192,4,259
573,69,190,4,260
574,586,834,1,261
575,79,486,2,261
576,1142,1192,5,261
577,28,267,6,262
578,23,268,6,263
579,31,255,6,264
580,573,821,1,265
581,69,472,2,265
582,1160,1210,5,265
583,573,821,1,266
584,69,472,2,266
585,1128,1178,5,266
586,7,125,4,267
587,6,126,4,268
588,735,791,7,269
589,535,592,7,270
590,579,827,1,271
591,75,478,2,271
592,1122,1172,5,271
593,600,847,1,272
594,94,499,2,272
595,1150,1195,5,272
596,572,820,1,273
597,69,471,2,273
598,1120,1170,5,273
599,607,855,1,274
600,100,506,2,274
601,1135,1185,5,274
602,579,827,1,275
603,75,478,2,275
604,1193,1243,5,275
605,579,827,1,276
606,75,478,2,276
607,1106,1156,5,276
608,412,665,1,277
609,260,356,10,277
610,412,631,1,278
611,260,356,10,278
612,540,788,1,279
613,104,389,2,279
614,1083,1133,5,279
615,589,837,1,280
616,107,510,2,280
617,1155,1205,5,280
618,573,821,1,281
619,69,472,2,281
620,1158,1208,5,281
621,573,821,1,282
622,69,472,2,282
623,1163,1213,5,282
624,586,834,1,283
625,79,486,2,283
626,1140,1190,5,283
627,597,845,1,284
628,89,495,2,284
629,1119,1154,5,284
630,579,827,1,285
631,61,478,2,285
632,1179,1229,5,285
633,573,821,1,286
634,69,472,2,286
635,968,1018,5,286
636,579,827,1,287
637,75,478,2,287
638,1138,1188,5,287
639,542,598,7,288
640,44,294,6,289
641,42,275,6,290
642,89,236,6,291
643,42,133,6,292
644,589,837,1,293
645,79,489,2,293
646,1101,1151,5,293
647,573,821,1,294
648,69,472,2,294
649,963,1013,5,294
650,572,820,1,295
651,69,471,2,295
652,1121,1171,5,295
653,577,825,1,296
654,70,476,2,296
655,1145,1196,5,296
656,599,847,1,297
657,85,498,2,297
658,1124,1174,5,297
659,595,843,1,298
660,88,494,2,298
661,1113,1163,5,298
662,597,845,1,299
663,90,496,2,299
664,1115,1165,5,299
665,599,847,1,300
666,91,497,2,300
667,1106,1130,5,300
668,599,847,1,301
669,91,497,2,301
670,1106,1130,5,301
671,598,846,1,302
672,91,497,2,302
673,1118,1168,5,302
674,607,855,1,303
675,91,506,2,303
676,1127,1177,5,303
677,572,820,1,304
678,69,471,2,304
679,1153,1203,5,304
680,578,826,1,305
681,75,479,2,305
682,1103,1153,5,305
683,600,848,1,306
684,90,499,2,306
685,1133,1183,5,306
686,579,827,1,307
687,75,478,2,307
688,1105,1155,5,307
689,579,827,1,308
690,75,478,2,308
691,1123,1173,5,308
692,600,847,1,309
693,94,499,2,309
694,1151,1196,5,309
695,586,834,1,310
696,80,485,2,310
697,1383,1432,5,310
698,577,825,1,311
699,73,476,2,311
700,1143,1193,5,311
701,611,859,1,312
702,104,510,2,312
703,1157,1207,5,312
704,596,844,1,313
705,85,495,2,313
706,1170,1219,5,313
707,583,830,1,314
708,81,489,2,314
709,1113,1167,5,314
710,6,120,4,315
711,6,120,4,316
712,6,120,4,317
713,6,120,4,318
714,6,120,4,319
715,6,120,4,320
716,6,120,4,321
717,6,120,4,322
718,29,259,6,323
719,29,259,6,324
720,29,259,6,325
721,29,259,6,326
722,29,259,6,327
723,29,259,6,328
724,29,259,6,329
725,24,256,6,330
726,29,259,6,331
727,29,259,6,332
728,8,237,6,333
729,15,231,6,334
730,62,298,6,335
731,2008,2065,7,336
732,470,522,7,337
733,555,623,7,337
734,30,191,9,955
735,21,183,9,956
736,683,941,6,338
737,58,298,6,339
738,42,288,6,340
739,6,123,4,341
740,6,123,4,342
741,7,125,4,343
742,610,648,7,344
743,7,120,4,345
744,5,124,4,346
745,3,122,4,347
746,652,836,1,348
747,88,552,2,348
748,1171,1221,5,348
749,581,829,1,349
750,76,480,2,349
751,1125,1176,5,349
752,595,843,1,350
753,88,494,2,350
754,1120,1170,5,350
755,575,823,1,351
756,68,474,2,351
757,1143,1194,5,351
758,572,820,1,352
759,69,471,2,352
760,1129,1179,5,352
761,586,834,1,353
762,79,486,2,353
763,1149,1199,5,353
764,545,594,7,354
765,577,618,7,355
766,490,535,7,356
767,543,606,7,357
768,594,842,1,358
769,87,494,2,358
770,1164,1214,5,358
771,579,827,1,359
772,75,478,2,359
773,1105,1155,5,359
774,572,820,1,360
775,69,471,2,360
776,1051,1101,5,360
777,362,609,1,361
778,12,260,2,361
779,875,919,5,361
780,585,832,1,362
781,79,483,2,362
782,1149,1193,5,362
783,590,837,1,363
784,84,488,2,363
785,1126,1170,5,363
786,585,833,1,364
787,80,484,2,364
788,961,1011,5,364
789,591,839,1,365
790,84,490,2,365
791,1123,1174,5,365
792,592,840,1,366
793,85,491,2,366
794,1112,1162,5,366
795,569,816,1,367
796,63,467,2,367
797,1107,1151,5,367
798,489,748,1,368
799,44,263,6,368
800,38,186,9,977
801,37,185,9,978
802,541,595,7,369
803,36,286,6,370
804,2,116,4,371
805,15,128,4,372
806,13,130,4,373
807,8,126,4,374
808,7,124,4,375
809,7,125,4,376
810,8,127,4,377
811,5,118,4,378
812,9,129,4,379
813,2,31,4,380
814,7,128,4,381
815,9,128,4,382
816,765,824,7,383
817,12,132,4,384
818,7,124,4,385
819,7,126,4,386
820,4,120,4,387
821,5,124,4,388
822,4,118,4,389
823,5,125,4,390
824,8,126,4,391
825,8,128,4,392
826,2,108,4,393
827,8,127,4,394
828,5,123,4,395
829,8,122,4,396
830,6,126,4,397
831,48,298,6,398
832,48,288,6,399
833,101,357,6,400
834,43,290,6,401
835,37,275,6,402
836,65,317,6,403
837,50,267,6,404
838,363,428,7,405
839,447,511,7,405
840,65,171,9,979
841,66,172,9,957
842,66,172,9,980
843,66,172,9,958
844,65,208,9,959
845,65,208,9,960
846,114,178,9,961
847,35,277,6,406
848,51,285,6,407
849,88,247,6,408
850,35,277,6,409
851,29,262,6,410
852,10,126,4,411
853,12,128,4,412
854,16,132,4,413
855,16,132,4,414
856,10,126,4,415
857,7,120,4,416
858,3,124,4,417
859,9,125,4,418
860,7,120,4,419
861,4,126,4,420
862,3,119,4,421
863,5,125,4,422
864,6,142,4,423
865,7,126,4,424
866,5,124,4,425
867,385,454,7,426
868,15,258,6,427
869,35,293,6,428
870,39,203,6,429
871,25,193,9,962
872,156,222,7,430
873,555,607,7,431
874,356,604,1,432
875,79,240,2,432
876,939,989,5,432
877,44,162,4,433
878,784,849,7,434
879,1187,1250,7,435
880,339,404,7,436
881,55,288,6,437
882,60,291,6,438
883,39,279,6,439
884,89,328,6,440
885,34,271,6,441
886,42,285,6,442
887,11,126,4,443
888,8,135,4,444
889,9,122,4,445
890,9,123,4,446
891,402,491,1,447
892,494,571,1,447
893,3,301,2,447
894,851,901,5,447
895,274,337,7,448
896,4098,4160,7,449
897,199,259,7,450
898,606,666,7,450
899,842,907,7,451
900,284,344,7,452
901,364,428,7,452
902,448,511,7,452
903,223,285,7,453
904,21,139,4,454
905,6,127,4,455
906,573,821,1,456
907,69,472,2,456
908,1138,1188,5,456
909,573,821,1,457
910,69,472,2,457
911,893,942,5,457
912,581,829,1,458
913,77,480,2,458
914,1169,1219,5,458
915,579,827,1,459
916,75,478,2,459
917,1138,1188,5,459
918,579,827,1,460
919,75,478,2,460
920,1192,1242,5,460
921,579,827,1,461
922,75,478,2,461
923,1152,1202,5,461
924,586,834,1,462
925,79,486,2,462
926,1118,1168,5,462
927,346,594,1,463
928,1,245,2,463
929,929,979,5,463
930,404,656,1,464
931,235,346,10,464
932,586,834,1,465
933,79,486,2,465
934,1145,1195,5,465
935,579,827,1,466
936,75,478,2,466
937,1106,1156,5,466
938,579,827,1,467
939,75,478,2,467
940,1192,1242,5,467
941,579,827,1,468
942,75,478,2,468
943,1138,1188,5,468
944,579,827,1,469
945,75,478,2,469
946,1192,1242,5,469
947,579,827,1,470
948,75,478,2,470
949,1192,1242,5,470
950,579,827,1,471
951,70,477,2,471
952,1095,1130,5,471
953,418,666,1,472
954,150,317,2,472
955,800,850,5,472
956,586,834,1,473
957,79,486,2,473
958,1118,1168,5,473
959,361,609,1,474
960,7,261,2,474
961,920,970,5,474
962,361,609,1,475
963,7,261,2,475
964,888,938,5,475
965,560,808,1,476
966,75,459,2,476
967,1119,1169,5,476
968,577,825,1,477
969,68,476,2,477
970,1163,1213,5,477
971,607,855,1,478
972,100,506,2,478
973,1131,1181,5,478
974,579,827,1,479
975,75,478,2,479
976,1192,1242,5,479
977,579,827,1,480
978,75,478,2,480
979,1106,1156,5,480
980,579,827,1,481
981,75,478,2,481
982,1192,1242,5,481
983,346,594,1,482
984,1,245,2,482
985,921,971,5,482
986,573,821,1,483
987,66,472,2,483
988,1140,1191,5,483
989,581,827,1,484
990,76,478,2,484
991,954,1005,5,484
992,602,850,1,485
993,91,500,2,485
994,1111,1135,5,485
995,576,824,1,486
996,69,475,2,486
997,1101,1151,5,486
998,595,843,1,487
999,85,494,2,487
1000,1120,1170,5,487
1001,583,831,1,488
1002,76,482,2,488
1003,1103,1153,5,488
1004,563,809,1,489
1005,58,460,2,489
1006,923,974,5,489
1007,583,829,1,490
1008,76,480,2,490
1009,1081,1132,5,490
1010,611,857,1,491
1011,104,508,2,491
1012,1155,1206,5,491
1013,581,827,1,492
1014,76,478,2,492
1015,953,1004,5,492
1016,583,829,1,493
1017,76,480,2,493
1018,1129,1180,5,493
1019,595,843,1,494
1020,88,494,2,494
1021,1120,1170,5,494
1022,575,823,1,495
1023,68,474,2,495
1024,1100,1150,5,495
1025,574,822,1,496
1026,67,473,2,496
1027,1099,1149,5,496
1028,583,831,1,497
1029,76,482,2,497
1030,1108,1158,5,497
1031,595,843,1,498
1032,85,494,2,498
1033,1120,1170,5,498
1034,577,825,1,499
1035,70,476,2,499
1036,1145,1196,5,499
1037,591,839,1,500
1038,83,489,2,500
1039,1100,1124,5,500
1040,392,643,1,501
1041,245,342,10,501
1042,392,643,1,502
1043,245,342,10,502
1044,400,651,1,503
1045,245,342,10,503
1046,397,648,1,504
1047,245,342,10,504
1048,577,825,1,505
1049,70,476,2,505
1050,1145,1196,5,505
1051,583,829,1,506
1052,76,480,2,506
1053,1066,1117,5,506
1054,580,828,1,507
1055,83,489,2,507
1056,1089,1115,5,507
1057,583,829,1,508
1058,76,480,2,508
1059,1066,1117,5,508
1060,557,805,1,509
1061,50,456,2,509
1062,1082,1132,5,509
1063,584,832,1,510
1064,77,483,2,510
1065,1109,1159,5,510
1066,572,820,1,511
1067,69,471,2,511
1068,1120,1170,5,511
1069,581,827,1,512
1070,76,478,2,512
1071,956,1007,5,512
1072,586,834,1,513
1073,79,486,2,513
1074,1148,1198,5,513
1075,575,823,1,514
1076,68,474,2,514
1077,1103,1154,5,514
1078,579,827,1,515
1079,75,478,2,515
1080,1139,1189,5,515
1081,607,855,1,516
1082,100,506,2,516
1083,1136,1186,5,516
1084,586,834,1,517
1085,79,485,2,517
1086,1115,1151,5,517
1087,579,827,1,518
1088,75,478,2,518
1089,1193,1243,5,518
1090,579,827,1,519
1091,75,478,2,519
1092,1106,1156,5,519
1093,573,821,1,520
1094,69,472,2,520
1095,1162,1212,5,520
1096,580,828,1,521
1097,72,479,2,521
1098,1133,1185,5,521
1099,590,838,1,522
1100,80,486,2,522
1101,1109,1159,5,522
1102,590,838,1,523
1103,72,489,2,523
1104,1143,1195,5,523
1105,585,833,1,524
1106,70,484,2,524
1107,1169,1226,5,524
1108,567,815,1,525
1109,69,466,2,525
1110,1147,1204,5,525
1111,567,815,1,526
1112,69,466,2,526
1113,1159,1216,5,526
1114,344,592,1,527
1115,1,244,2,527
1116,900,957,5,527
1117,600,847,1,528
1118,94,499,2,528
1119,1164,1209,5,528
1120,352,599,1,529
1121,1,251,2,529
1122,889,934,5,529
1123,590,837,1,530
1124,84,489,2,530
1125,1053,1098,5,530
1126,557,805,1,531
1127,50,456,2,531
1128,1088,1139,5,531
1129,584,832,1,532
1130,77,483,2,532
1131,1115,1166,5,532
1132,596,844,1,533
1133,84,495,2,533
1134,1127,1178,5,533
1135,588,836,1,534
1136,81,487,2,534
1137,1094,1145,5,534
1138,398,650,1,535
1139,251,346,10,535
1140,579,827,1,536
1141,75,478,2,536
1142,1192,1242,5,536
1143,579,827,1,537
1144,75,478,2,537
1145,1106,1156,5,537
1146,579,827,1,538
1147,75,478,2,538
1148,1091,1141,5,538
1149,579,827,1,539
1150,75,478,2,539
1151,1181,1231,5,539
1152,586,834,1,540
1153,79,485,2,540
1154,1113,1163,5,540
1155,579,827,1,541
1156,75,478,2,541
1157,1106,1156,5,541
1158,579,827,1,542
1159,75,478,2,542
1160,1179,1229,5,542
1161,265,513,1,543
1162,11,164,2,543
1163,859,900,5,543
1164,577,825,1,544
1165,70,476,2,544
1166,1102,1149,5,544
1167,579,827,1,545
1168,75,478,2,545
1169,1139,1189,5,545
1170,586,834,1,546
1171,79,485,2,546
1172,1114,1164,5,546
1173,586,834,1,547
1174,79,486,2,547
1175,1138,1188,5,547
1176,579,827,1,548
1177,75,478,2,548
1178,1193,1243,5,548
1179,344,592,1,549
1180,1,244,2,549
1181,868,918,5,549
1182,573,821,1,550
1183,69,472,2,550
1184,1128,1178,5,550
1185,573,821,1,551
1186,69,472,2,551
1187,1122,1172,5,551
1188,573,821,1,552
1189,69,472,2,552
1190,1124,1174,5,552
1191,572,820,1,553
1192,69,471,2,553
1193,1121,1171,5,553
1194,592,840,1,554
1195,85,492,2,554
1196,1112,1159,5,554
1197,573,821,1,555
1198,70,472,2,555
1199,1139,1195,5,555
1200,573,821,1,556
1201,70,472,2,556
1202,1079,1135,5,556
1203,565,813,1,557
1204,69,464,2,557
1205,1109,1165,5,557
1206,578,829,1,558
1207,75,477,2,558
1208,1122,1178,5,558
1209,567,815,1,559
1210,69,466,2,559
1211,1082,1138,5,559
1212,591,839,1,560
1213,84,490,2,560
1214,1117,1167,5,560
1215,345,592,1,561
1216,1,243,2,561
1217,911,956,5,561
1218,574,821,1,562
1219,68,472,2,562
1220,1101,1146,5,562
1221,345,592,1,563
1222,1,243,2,563
1223,875,920,5,563
1224,573,821,1,564
1225,69,472,2,564
1226,1115,1165,5,564
1227,573,821,1,565
1228,69,472,2,565
1229,1147,1197,5,565
1230,503,751,1,566
1231,79,364,2,566
1232,1065,1115,5,566
1233,583,831,1,567
1234,76,482,2,567
1235,1059,1100,5,567
1236,563,811,1,568
1237,58,462,2,568
1238,1088,1129,5,568
1239,563,806,1,569
1240,57,463,2,569
1241,1079,1130,5,569
1242,573,821,1,570
1243,75,480,2,570
1244,1155,1211,5,570
1245,586,834,1,571
1246,79,485,2,571
1247,1118,1168,5,571
1248,568,816,1,572
1249,63,468,2,572
1250,951,1001,5,572
1251,577,825,1,573
1252,73,476,2,573
1253,1111,1161,5,573
1254,577,825,1,574
1255,73,476,2,574
1256,1143,1193,5,574
1257,568,816,1,575
1258,63,467,2,575
1259,1134,1184,5,575
1260,580,827,1,576
1261,74,478,2,576
1262,1092,1137,5,576
1263,569,817,1,577
1264,62,468,2,577
1265,1066,1107,5,577
1266,586,834,1,578
1267,79,486,2,578
1268,1140,1190,5,578
1269,588,836,1,579
1270,77,487,2,579
1271,1164,1210,5,579
1272,596,844,1,580
1273,85,495,2,580
1274,1172,1218,5,580
1275,592,840,1,581
1276,81,491,2,581
1277,1141,1187,5,581
1278,570,818,1,582
1279,59,469,2,582
1280,1097,1143,5,582
1281,565,813,1,583
1282,69,464,2,583
1283,1139,1189,5,583
1284,524,772,1,584
1285,69,423,2,584
1286,1098,1148,5,584
1287,524,772,1,585
1288,69,423,2,585
1289,1096,1146,5,585
1290,565,813,1,586
1291,69,464,2,586
1292,1124,1174,5,586
1293,577,825,1,587
1294,81,476,2,587
1295,1146,1196,5,587
1296,554,802,1,588
1297,92,453,2,588
1298,1126,1176,5,588
1299,588,836,1,589
1300,80,487,2,589
1301,1098,1148,5,589
1302,575,823,1,590
1303,64,474,2,590
1304,1025,1070,5,590
1305,587,835,1,591
1306,76,486,2,591
1307,1160,1209,5,591
1308,566,814,1,592
1309,55,465,2,592
1310,1139,1188,5,592
1311,596,844,1,593
1312,85,495,2,593
1313,1169,1218,5,593
1314,574,822,1,594
1315,66,473,2,594
1316,1099,1149,5,594
1317,596,844,1,595
1318,88,495,2,595
1319,1121,1171,5,595
1320,580,828,1,596
1321,72,479,2,596
1322,1105,1155,5,596
1323,579,827,1,597
1324,71,478,2,597
1325,1104,1154,5,597
1326,576,824,1,598
1327,65,475,2,598
1328,1125,1171,5,598
1329,582,830,1,599
1330,76,481,2,599
1331,1218,1268,5,599
1332,576,824,1,600
1333,70,475,2,600
1334,1145,1195,5,600
1335,582,830,1,601
1336,85,481,2,601
1337,1190,1240,5,601
1338,346,594,1,602
1339,1,246,2,602
1340,915,965,5,602
1341,576,824,1,603
1342,70,475,2,603
1343,1089,1139,5,603
1344,561,809,1,604
1345,70,460,2,604
1346,1149,1206,5,604
1347,572,820,1,605
1348,72,471,2,605
1349,1104,1161,5,605
1350,579,827,1,606
1351,75,478,2,606
1352,1138,1188,5,606
1353,311,518,1,607
1354,69,186,2,607
1355,802,852,5,607
1356,415,622,1,608
1357,69,186,2,608
1358,891,941,5,608
1359,249,456,1,609
1360,69,173,2,609
1361,711,761,5,609
1362,579,827,1,610
1363,75,478,2,610
1364,1106,1156,5,610
1365,600,848,1,611
1366,85,499,2,611
1367,1177,1223,5,611
1368,588,836,1,612
1369,77,487,2,612
1370,1165,1211,5,612
1371,596,844,1,613
1372,85,495,2,613
1373,1173,1219,5,613
1374,566,814,1,614
1375,55,465,2,614
1376,1098,1144,5,614
1377,571,819,1,615
1378,63,470,2,615
1379,1093,1143,5,615
1380,596,844,1,616
1381,88,495,2,616
1382,1118,1168,5,616
1383,578,826,1,617
1384,70,477,2,617
1385,1106,1156,5,617
1386,579,827,1,618
1387,71,478,2,618
1388,1107,1157,5,618
1389,574,822,1,619
1390,66,473,2,619
1391,1102,1152,5,619
1392,586,834,1,620
1393,79,485,2,620
1394,1118,1168,5,620
1395,579,827,1,621
1396,75,478,2,621
1397,1088,1138,5,621
1398,572,820,1,622
1399,69,471,2,622
1400,1120,1170,5,622
1401,573,821,1,623
1402,69,472,2,623
1403,1126,1176,5,623
1404,586,834,1,624
1405,79,486,2,624
1406,1140,1190,5,624
1407,573,821,1,625
1408,69,472,2,625
1409,1162,1212,5,625
1410,573,821,1,626
1411,69,472,2,626
1412,1130,1180,5,626
1413,573,821,1,627
1414,69,472,2,627
1415,1089,1139,5,627
1416,573,821,1,628
1417,69,472,2,628
1418,1154,1204,5,628
1419,573,821,1,629
1420,69,472,2,629
1421,1162,1212,5,629
1422,573,821,1,630
1423,69,472,2,630
1424,1130,1180,5,630
1425,585,833,1,631
1426,78,484,2,631
1427,1107,1157,5,631
1428,565,813,1,632
1429,63,464,2,632
1430,1077,1126,5,632
1431,568,816,1,633
1432,64,466,2,633
1433,1073,1123,5,633
1434,565,813,1,634
1435,63,464,2,634
1436,1120,1169,5,634
1437,579,827,1,635
1438,75,478,2,635
1439,1114,1164,5,635
1440,579,827,1,636
1441,75,478,2,636
1442,1146,1196,5,636
1443,585,833,1,637
1444,78,484,2,637
1445,1091,1141,5,637
1446,562,810,1,638
1447,55,462,2,638
1448,1084,1134,5,638
1449,579,827,1,639
1450,75,478,2,639
1451,1166,1216,5,639
1452,380,632,1,640
1453,232,327,10,640
1454,375,628,1,641
1455,238,334,10,641
1456,535,783,1,642
1457,75,434,2,642
1458,1148,1198,5,642
1459,535,783,1,643
1460,75,434,2,643
1461,1062,1112,5,643
1462,435,683,1,644
1463,97,334,2,644
1464,1039,1089,5,644
1465,573,821,1,645
1466,69,472,2,645
1467,1127,1177,5,645
1468,535,783,1,646
1469,75,434,2,646
1470,1094,1144,5,646
1471,573,821,1,647
1472,69,472,2,647
1473,1154,1204,5,647
1474,573,821,1,648
1475,69,472,2,648
1476,1122,1172,5,648
1477,485,733,1,649
1478,3,384,2,649
1479,1066,1116,5,649
1480,321,569,1,650
1481,53,221,2,650
1482,829,879,5,650
1483,302,550,1,651
1484,1,238,2,651
1485,868,918,5,651
1486,586,834,1,652
1487,79,486,2,652
1488,1148,1198,5,652
1489,586,834,1,653
1490,79,485,2,653
1491,1122,1172,5,653
1492,577,825,1,654
1493,73,476,2,654
1494,1111,1161,5,654
1495,577,825,1,655
1496,73,476,2,655
1497,1087,1137,5,655
1498,579,827,1,656
1499,75,478,2,656
1500,1139,1189,5,656
1501,607,855,1,657
1502,100,506,2,657
1503,1134,1184,5,657
1504,590,837,1,658
1505,84,489,2,658
1506,1165,1210,5,658
1507,565,812,1,659
1508,69,464,2,659
1509,1120,1177,5,659
1510,577,825,1,660
1511,70,476,2,660
1512,1068,1125,5,660
1513,588,833,1,661
1514,70,487,2,661
1515,1192,1249,5,661
1516,568,816,1,662
1517,70,467,2,662
1518,1175,1232,5,662
1519,608,855,1,663
1520,102,507,2,663
1521,1183,1228,5,663
1522,584,831,1,664
1523,80,483,2,664
1524,1101,1146,5,664
1525,14,159,9,981
1526,4,118,4,665
1527,5,126,4,666
1528,74,206,4,667
1529,7,120,4,668
1530,7,120,4,669
1531,97,271,8,963
1532,591,839,1,670
1533,84,491,2,670
1534,1145,1195,5,670
1535,573,821,1,671
1536,69,472,2,671
1537,1156,1206,5,671
1538,573,821,1,672
1539,69,472,2,672
1540,1188,1238,5,672
1541,581,829,1,673
1542,69,480,2,673
1543,1168,1218,5,673
1544,368,620,1,674
1545,221,316,10,674
1546,332,552,1,675
1547,259,339,10,675
1548,274,522,1,676
1549,7,173,2,676
1550,898,948,5,676
1551,37,104,4,677
1552,579,827,1,678
1553,75,478,2,678
1554,1106,1156,5,678
1555,578,826,1,679
1556,68,474,2,679
1557,1107,1157,5,679
1558,600,848,1,680
1559,70,499,2,680
1560,1209,1266,5,680
1561,591,839,1,681
1562,84,490,2,681
1563,1122,1173,5,681
1564,617,865,1,682
1565,105,516,2,682
1566,1088,1139,5,682
1567,350,598,1,683
1568,82,249,2,683
1569,874,924,5,683
1570,282,530,1,684
1571,13,182,2,684
1572,891,948,5,684
1573,293,541,1,685
1574,2,193,2,685
1575,836,886,5,685
1576,573,821,1,686
1577,69,472,2,686
1578,1167,1217,5,686
1579,586,834,1,687
1580,79,486,2,687
1581,1140,1190,5,687
1582,359,607,1,688
1583,6,259,2,688
1584,927,977,5,688
1585,588,836,1,689
1586,80,487,2,689
1587,1117,1167,5,689
1588,596,844,1,690
1589,85,495,2,690
1590,1167,1216,5,690
1591,5,123,4,691
1592,1,100,4,692
1593,5,124,4,693
1594,39,167,9,982
1595,23,186,9,964
1596,25,185,9,965
1597,26,192,9,966
1598,10,123,4,694
1599,10,136,4,695
1600,7,125,4,696
1601,11,124,4,697
1602,4,119,4,698
1603,7,127,4,699
1604,192,255,7,700
1605,69,113,7,701
1606,104,150,7,702
1607,512,573,7,703
1608,523,578,7,704
1609,244,306,7,705
1610,2010,2075,7,706
1611,257,316,7,707
1612,454,508,7,707
1613,1229,1273,7,707
1614,258,325,7,708
1615,450,509,7,708
1616,66,263,6,709
1617,50,287,6,710
1618,37,287,6,711
1619,42,292,6,712
1620,42,292,6,713
1621,50,135,6,714
1622,41,244,6,715
1623,45,295,6,716
1624,34,237,6,717
1625,40,277,6,718
1626,39,277,6,719
1627,113,356,6,720
1628,33,281,6,721
1629,27,267,6,722
1630,40,138,6,723
1631,400,456,7,724
1632,370,433,7,725
1633,87,292,6,726
1634,51,265,6,727
1635,7,123,4,728
1636,6,127,4,729
1637,7,127,4,730
1638,5,119,4,731
1639,9,125,4,732
1640,4,123,4,733
1641,5,123,4,734
1642,9,128,4,735
1643,9,123,4,736
1644,4,115,4,737
1645,6,125,4,738
1646,3,124,4,739
1647,19,183,9,967
1648,21,184,9,983
1649,4,99,4,740
1650,13,130,4,741
1651,3,117,4,742
1652,2,118,4,743
1653,53,181,9,968
1654,71,215,9,969
1655,99,257,9,970
1656,25,185,9,971
1657,42,190,9,972
1658,9,121,4,744
1659,3,118,4,745
1660,4,123,4,746
1661,8,126,4,747
1662,8,128,4,748
1663,5,96,4,749
1664,6,119,4,750
1665,11,135,4,751
1666,6,127,4,752
1667,35,293,6,753
1668,34,292,6,754
1669,89,228,6,755
1670,774,840,7,756
1671,195,264,7,757
1672,35,277,6,758
1673,245,393,6,759
1674,586,834,1,760
1675,79,486,2,760
1676,1146,1196,5,760
1677,580,828,1,761
1678,77,479,2,761
1679,1167,1217,5,761
1680,443,508,7,762
1681,704,767,7,763
1682,454,500,7,764
1683,548,612,7,765
1684,538,602,7,766
1685,693,766,7,767
1686,556,615,7,768
1687,188,253,7,769
1688,639,700,7,770
1689,23,79,7,771
1690,397,461,7,772
1691,41,273,6,773
1692,40,280,6,774
1693,2,243,6,775
1694,300,567,6,776
1695,34,274,6,777
1696,47,267,6,778
1697,39,289,6,779
1698,184,387,6,780
1699,10,130,4,781
1700,7,127,4,782
1701,7,132,4,783
1702,6,119,4,784
1703,9,127,4,785
1704,4,119,4,786
1705,5,125,4,787
1706,4,127,4,788
1707,23,192,9,984
1708,20,173,9,985
1709,22,186,9,975
1710,577,825,1,796
1711,70,476,2,796
1712,1145,1196,5,796
1713,590,836,1,797
1714,83,487,2,797
1715,1134,1185,5,797
1716,84,217,8,995
1717,270,517,1,798
1718,121,217,10,798
1719,338,585,1,799
1720,189,285,10,799
1721,341,588,1,800
1722,187,288,10,800
1723,706,938,1,801
1724,3,117,4,801
1725,586,823,1,802
1726,89,485,2,802
1727,1169,1215,5,802
1728,599,847,1,803
1729,92,497,2,803
1730,1153,1204,5,803
1731,177,425,1,804
1732,5,76,2,804
1733,703,752,5,804
1734,42,173,9,996
1735,69,171,9,997
1736,24,183,9,998
1737,155,358,8,986
1738,602,850,1,805
1739,91,500,2,805
1740,1111,1137,5,805
1741,563,809,1,806
1742,58,460,2,806
1743,921,972,5,806
1744,586,834,1,807
1745,79,486,2,807
1746,1140,1190,5,807
1747,62,185,4,808
1748,695,755,7,809
1749,156,222,7,810
1750,600,847,1,811
1751,94,499,2,811
1752,1165,1210,5,811
1753,586,834,1,812
1754,70,485,2,812
1755,1195,1252,5,812
1756,590,837,1,813
1757,84,488,2,813
1758,1160,1205,5,813
1759,589,837,1,814
1760,70,488,2,814
1761,1194,1251,5,814
1762,596,844,1,815
1763,89,495,2,815
1764,1119,1169,5,815
1765,603,851,1,816
1766,89,502,2,816
1767,1128,1176,5,816
1768,326,576,1,817
1769,173,262,10,817
1770,184,433,1,818
1771,32,128,10,818
1772,475,718,1,819
1773,309,416,10,819
1774,58,214,6,820
1775,36,272,6,821
1776,50,290,6,822
1777,112,243,6,823
1778,4,118,4,824
1779,5,123,4,825
1780,6,120,4,826
1781,5,119,4,827
1782,7,120,4,828
1783,662,910,1,829
1784,155,562,2,829
1785,1206,1240,5,829
1786,581,829,1,830
1787,76,480,2,830
1788,1126,1177,5,830
1789,577,825,1,831
1790,73,476,2,831
1791,1121,1171,5,831
1792,357,605,1,832
1793,6,257,2,832
1794,882,932,5,832
1795,172,420,1,833
1796,5,44,2,833
1797,633,680,5,833
1798,228,476,1,834
1799,17,102,2,834
1800,689,736,5,834
1801,600,847,1,835
1802,94,499,2,835
1803,1145,1190,5,835
1804,590,838,1,836
1805,83,489,2,836
1806,1107,1157,5,836
1807,575,823,1,837
1808,73,474,2,837
1809,1101,1150,5,837
1810,595,843,1,838
1811,88,494,2,838
1812,1115,1165,5,838
1813,698,840,1,839
1814,88,535,2,839
1815,1112,1162,5,839
1816,94,260,9,999
1817,106,279,8,1000
1818,41,169,9,987
1819,408,462,7,840
1820,7,120,4,841
1821,6,120,4,842
1822,10,130,4,843
1823,7,120,4,844
1824,5,119,4,845
1825,5,119,4,846
1826,5,119,4,847
1827,538,770,1,848
1828,3,118,4,848
1829,534,766,1,849
1830,3,118,4,849
1831,287,350,7,850
1832,374,436,7,850
1833,149,274,6,851
1834,52,293,6,852
1835,54,294,6,853
1836,89,273,8,988
1837,69,307,6,854
1838,53,260,6,855
1839,572,820,1,856
1840,69,471,2,856
1841,1121,1171,5,856
1842,586,834,1,857
1843,79,486,2,857
1844,1063,1113,5,857
1845,97,303,8,973
1846,181,410,8,989
1847,179,244,7,858
1848,12021,12080,7,859
1849,12255,12319,7,859
1850,12478,12535,7,859
1851,12870,12927,7,859
1852,572,820,1,860
1853,69,471,2,860
1854,1153,1203,5,860
1855,572,820,1,861
1856,69,471,2,861
1857,1153,1203,5,861
1858,15,259,6,862
1859,40,272,6,863
1860,5,123,4,864
1861,8,126,4,865
1862,7,120,4,866
1863,7,127,4,867
1864,8,127,4,868
1865,4,118,4,869
1866,9,125,4,870
1867,5,126,4,871
1868,379,630,1,872
1869,229,324,10,872
1870,572,820,1,873
1871,69,471,2,873
1872,1121,1171,5,873
1873,573,821,1,874
1874,69,472,2,874
1875,1162,1212,5,874
1876,586,834,1,875
1877,79,486,2,875
1878,1144,1194,5,875
1879,586,834,1,876
1880,79,486,2,876
1881,1155,1205,5,876
1882,573,821,1,877
1883,69,472,2,877
1884,1128,1178,5,877
1885,586,834,1,878
1886,79,486,2,878
1887,1153,1203,5,878
1888,357,605,1,879
1889,18,256,2,879
1890,938,988,5,879
1891,573,821,1,880
1892,69,472,2,880
1893,1135,1185,5,880
1894,555,803,1,881
1895,48,454,2,881
1896,1084,1136,5,881
1897,573,821,1,882
1898,69,472,2,882
1899,958,1008,5,882
1900,106,306,8,990
1901,579,826,1,883
1902,76,477,2,883
1903,1134,1179,5,883
1904,593,840,1,884
1905,85,492,2,884
1906,1108,1158,5,884
1907,598,846,1,885
1908,81,497,2,885
1909,1137,1194,5,885
1910,595,843,1,886
1911,88,494,2,886
1912,1118,1167,5,886
1913,8,126,4,887
1914,6,123,4,888
1915,8,126,4,889
1916,6,125,4,890
1917,583,831,1,891
1918,76,482,2,891
1919,1117,1168,5,891
1920,591,839,1,892
1921,84,490,2,892
1922,1125,1176,5,892
1923,583,830,1,893
1924,79,482,2,893
1925,1150,1195,5,893
1926,591,839,1,894
1927,75,490,2,894
1928,1097,1154,5,894
1929,548,595,7,895
1930,26,202,6,896
1931,60,217,6,897
1932,30,269,6,898
1933,31,270,6,899
1934,30,269,6,900
1935,55,242,6,901
1936,95,130,8,993
1937,135,265,8,993
1938,174,373,8,994
1939,71,311,6,902
1940,573,821,1,903
1941,69,472,2,903
1942,1091,1141,5,903
1943,272,520,1,904
1944,1,73,2,904
1945,84,172,2,904
1946,844,894,5,904
1947,286,534,1,905
1948,21,186,2,905
1949,597,647,5,905
1950,432,477,7,906
1951,589,837,1,907
1952,82,488,2,907
1953,1114,1161,5,907
1954,35,159,9,991
1955,586,834,1,908
1956,79,486,2,908
1957,1149,1199,5,908
1958,88,225,6,909
1959,63,281,6,910
1960,26,271,6,911
1961,35,287,6,912
1962,63,302,6,913
1963,49,265,6,914
1964,54,295,6,915
1965,29,261,6,916
1966,58,286,6,917
1967,11,129,4,918
1968,586,834,1,919
1969,79,486,2,919
1970,1144,1194,5,919
1971,25,96,7,920
1972,688,936,1,921
1973,81,587,2,921
1974,1172,1223,5,921
1975,579,827,1,922
1976,75,478,2,922
1977,1192,1242,5,922
1978,579,827,1,923
1979,75,478,2,923
1980,1138,1188,5,923
1981,579,827,1,924
1982,75,478,2,924
1983,1106,1156,5,924
1984,489,532,4,925
1985,11,127,4,926
1986,9,123,4,927
1987,5,124,4,928
1988,8,126,4,929
1989,72,198,4,930
1990,51,187,9,992
1991,579,827,1,931
1992,75,478,2,931
1993,1192,1242,5,931
1994,422,480,7,932
1995,52,254,3,974
1996,6,86,4,933
1997,31,276,6,934
1998,61,249,6,935
1999,57,280,6,936
2000,55,294,6,937
2001,99,258,6,938
2002,73,311,6,939
2003,18,220,3,1001
2004,98,291,3,1002
2005,1,94,3,1800
2006,507,750,1,1003
2007,45,267,6,1003
2008,9,205,3,1837
2009,2,200,3,1798
2010,12,214,3,1801
2011,573,820,1,1004
2012,67,472,2,1004
2013,1080,1125,5,1004
2014,586,834,1,1005
2015,70,485,2,1005
2016,1195,1252,5,1005
2017,588,836,1,1006
2018,81,487,2,1006
2019,1111,1162,5,1006
2020,582,830,1,1007
2021,76,482,2,1007
2022,1106,1152,5,1007
2023,586,834,1,1008
2024,79,485,2,1008
2025,1116,1167,5,1008
2026,596,844,1,1009
2027,89,495,2,1009
2028,1121,1169,5,1009
2029,568,741,1,1010
2030,69,467,2,1010
2031,1065,1122,5,1010
2032,591,839,1,1011
2033,84,490,2,1011
2034,1119,1170,5,1011
2035,593,840,1,1012
2036,85,492,2,1012
2037,1108,1158,5,1012
2038,568,815,1,1013
2039,65,466,2,1013
2040,1123,1168,5,1013
2041,568,815,1,1014
2042,65,466,2,1014
2043,1123,1168,5,1014
2044,590,838,1,1015
2045,70,489,2,1015
2046,1180,1237,5,1015
2047,584,832,1,1016
2048,77,483,2,1016
2049,1110,1157,5,1016
2050,591,839,1,1017
2051,84,490,2,1017
2052,1114,1165,5,1017
2053,591,838,1,1018
2054,85,489,2,1018
2055,1165,1210,5,1018
2056,573,821,1,1019
2057,69,472,2,1019
2058,1103,1153,5,1019
2059,588,836,1,1020
2060,81,487,2,1020
2061,1111,1158,5,1020
2062,573,820,1,1021
2063,67,472,2,1021
2064,1080,1125,5,1021
2065,591,839,1,1022
2066,84,490,2,1022
2067,1124,1175,5,1022
2068,9,127,4,1023
2069,599,847,1,1024
2070,88,498,2,1024
2071,1122,1168,5,1024
2072,595,843,1,1025
2073,88,494,2,1025
2074,1118,1164,5,1025
2075,596,844,1,1026
2076,89,495,2,1026
2077,1121,1169,5,1026
2078,565,812,1,1027
2079,80,468,2,1027
2080,1101,1146,5,1027
2081,596,844,1,1028
2082,89,495,2,1028
2083,1119,1169,5,1028
2084,569,817,1,1029
2085,62,468,2,1029
2086,1103,1153,5,1029
2087,587,835,1,1030
2088,80,486,2,1030
2089,1106,1156,5,1030
2090,589,836,1,1031
2091,83,487,2,1031
2092,1091,1135,5,1031
2093,579,827,1,1032
2094,72,478,2,1032
2095,1111,1162,5,1032
2096,586,834,1,1033
2097,79,486,2,1033
2098,1140,1190,5,1033
2099,573,821,1,1034
2100,69,472,2,1034
2101,1163,1213,5,1034
2102,573,821,1,1035
2103,69,472,2,1035
2104,1139,1189,5,1035
2105,9,127,4,1036
2106,559,609,7,1037
2107,12,129,4,1038
2108,9,130,4,1039
2109,6,125,4,1040
2110,6,125,4,1041
2111,61,352,6,1042
2112,65,314,6,1043
2113,36,281,6,1044
2114,55,270,6,1045
2115,75,240,6,1046
2116,752,807,7,1047
2117,38,176,9,1802
2118,22,199,6,1048
2119,5,232,6,1049
2120,32,277,6,1050
2121,26,280,6,1051
2122,3,116,4,1052
2123,10,127,4,1053
2124,7,120,4,1054
2125,4,118,4,1055
2126,21,185,9,1838
2127,536,588,7,1056
2128,71,196,4,1057
2129,169,367,8,1803
2130,6,128,4,1058
2131,6,128,4,1059
2132,6,126,4,1060
2133,105,304,8,1804
2134,46,261,6,1061
2135,12,257,6,1062
2136,464,527,7,1063
2137,65,295,6,1064
2138,36,286,6,1065
2139,56,235,6,1066
2140,75,244,6,1067
2141,86,237,6,1068
2142,64,232,6,1069
2143,8,122,4,1070
2144,7,121,4,1071
2145,559,610,7,1072
2146,7,125,4,1073
2147,5,124,4,1074
2148,9,130,4,1075
2149,11,124,4,1076
2150,9,127,4,1077
2151,34,279,6,1078
2152,25,270,6,1079
2153,41,257,6,1080
2154,16,253,6,1081
2155,15,246,6,1082
2156,44,260,6,1083
2157,549,600,7,1084
2158,49,243,6,1085
2159,31,286,6,1086
2160,8,239,6,1087
2161,13,130,4,1088
2162,28,150,4,1089
2163,300,548,1,1090
2164,31,199,2,1090
2165,975,1025,5,1090
2166,250,498,1,1091
2167,44,146,2,1091
2168,774,824,5,1091
2169,589,837,1,1092
2170,70,488,2,1092
2171,1196,1253,5,1092
2172,343,591,1,1093
2173,75,242,2,1093
2174,875,926,5,1093
2175,106,135,8,1805
2176,156,276,8,1805
2177,51,248,3,1806
2178,586,834,1,1094
2179,79,486,2,1094
2180,1142,1192,5,1094
2181,566,814,1,1095
2182,60,467,2,1095
2183,1090,1140,5,1095
2184,577,825,1,1096
2185,75,476,2,1096
2186,1124,1174,5,1096
2187,582,830,1,1097
2188,74,481,2,1097
2189,936,986,5,1097
2190,568,816,1,1098
2191,63,467,2,1098
2192,1112,1163,5,1098
2193,565,813,1,1099
2194,62,464,2,1099
2195,929,980,5,1099
2196,521,769,1,1100
2197,60,229,2,1100
2198,254,420,2,1100
2199,886,935,5,1100
2200,330,578,1,1101
2201,32,229,2,1101
2202,870,919,5,1101
2203,579,827,1,1102
2204,70,478,2,1102
2205,1131,1188,5,1102
2206,590,837,1,1103
2207,84,488,2,1103
2208,1160,1205,5,1103
2209,586,834,1,1104
2210,79,486,2,1104
2211,1156,1206,5,1104
2212,37,165,9,1839
2213,25,184,9,1807
2214,5,119,4,1105
2215,7,126,4,1106
2216,5,124,4,1107
2217,5,124,4,1108
2218,239,304,7,1109
2219,324,392,7,1109
2220,204,272,7,1110
2221,958,1021,7,1111
2222,50,270,6,1112
2223,15,252,6,1113
2224,32,262,6,1114
2225,44,270,6,1115
2226,197,429,6,1116
2227,42,283,6,1117
2228,50,265,6,1118
2229,43,249,6,1119
2230,28,133,6,1120
2231,75,149,6,1121
2232,641,705,7,1122
2233,721,790,7,1122
2234,807,874,7,1122
2235,7,127,4,1123
2236,7,127,4,1124
2237,8,123,4,1125
2238,1,113,4,1126
2239,14,129,4,1127
2240,60,249,6,1128
2241,64,287,6,1129
2242,31,289,6,1130
2243,27,272,6,1131
2244,34,274,6,1132
2245,32,275,6,1133
2246,478,535,7,1134
2247,561,621,7,1135
2248,33,273,6,1136
2249,41,271,6,1137
2250,42,255,6,1138
2251,6,235,6,1139
2252,35,293,6,1140
2253,6,121,4,1141
2254,6,121,4,1142
2255,57,163,9,1808
2256,33,178,9,1809
2257,90,216,4,1143
2258,581,829,1,1144
2259,69,480,2,1144
2260,1136,1186,5,1144
2261,587,835,1,1145
2262,80,486,2,1145
2263,1116,1166,5,1145
2264,57,162,9,1810
2265,55,296,6,1146
2266,579,827,1,1147
2267,75,478,2,1147
2268,1192,1242,5,1147
2269,579,827,1,1148
2270,75,478,2,1148
2271,1138,1188,5,1148
2272,570,818,1,1149
2273,63,469,2,1149
2274,1093,1143,5,1149
2275,572,820,1,1150
2276,67,471,2,1150
2277,948,998,5,1150
2278,589,837,1,1151
2279,82,488,2,1151
2280,1111,1162,5,1151
2281,573,821,1,1152
2282,69,472,2,1152
2283,1126,1176,5,1152
2284,590,837,1,1153
2285,84,489,2,1153
2286,1119,1163,5,1153
2287,576,824,1,1154
2288,69,475,2,1154
2289,1110,1161,5,1154
2290,573,821,1,1155
2291,69,472,2,1155
2292,1139,1196,5,1155
2293,582,830,1,1156
2294,70,481,2,1156
2295,1058,1115,5,1156
2296,579,827,1,1157
2297,75,478,2,1157
2298,1117,1167,5,1157
2299,586,834,1,1158
2300,79,486,2,1158
2301,1130,1180,5,1158
2302,567,815,1,1159
2303,63,466,2,1159
2304,1133,1183,5,1159
2305,567,815,1,1160
2306,63,466,2,1160
2307,1078,1128,5,1160
2308,586,834,1,1161
2309,79,486,2,1161
2310,1144,1194,5,1161
2311,572,820,1,1162
2312,69,471,2,1162
2313,1160,1210,5,1162
2314,572,820,1,1163
2315,69,471,2,1163
2316,1128,1178,5,1163
2317,591,839,1,1164
2318,83,489,2,1164
2319,1100,1124,5,1164
2320,583,794,1,1165
2321,76,480,2,1165
2322,1072,1123,5,1165
2323,583,829,1,1166
2324,76,480,2,1166
2325,1127,1178,5,1166
2326,581,827,1,1167
2327,76,478,2,1167
2328,956,1007,5,1167
2329,596,844,1,1168
2330,89,496,2,1168
2331,1115,1162,5,1168
2332,587,835,1,1169
2333,80,487,2,1169
2334,1096,1143,5,1169
2335,550,798,1,1170
2336,68,416,2,1170
2337,1082,1139,5,1170
2338,592,840,1,1171
2339,84,490,2,1171
2340,1125,1176,5,1171
2341,573,821,1,1172
2342,68,472,2,1172
2343,1034,1091,5,1172
2344,497,645,1,1173
2345,43,375,2,1173
2346,958,1009,5,1173
2347,503,651,1,1174
2348,40,377,2,1174
2349,970,1021,5,1174
2350,567,815,1,1175
2351,83,465,2,1175
2352,1076,1102,5,1175
2353,579,827,1,1176
2354,75,478,2,1176
2355,1192,1242,5,1176
2356,574,822,1,1177
2357,67,473,2,1177
2358,1042,1092,5,1177
2359,596,844,1,1178
2360,89,495,2,1178
2361,1100,1150,5,1178
2362,575,823,1,1179
2363,68,474,2,1179
2364,1143,1194,5,1179
2365,581,827,1,1180
2366,76,478,2,1180
2367,932,982,5,1180
2368,583,829,1,1181
2369,76,480,2,1181
2370,1127,1177,5,1181
2371,573,821,1,1182
2372,69,472,2,1182
2373,1130,1180,5,1182
2374,593,841,1,1183
2375,82,492,2,1183
2376,1133,1182,5,1183
2377,580,828,1,1184
2378,69,479,2,1184
2379,1159,1208,5,1184
2380,596,844,1,1185
2381,88,495,2,1185
2382,1105,1155,5,1185
2383,596,844,1,1186
2384,88,495,2,1186
2385,1123,1173,5,1186
2386,581,828,1,1187
2387,68,476,2,1187
2388,1145,1197,5,1187
2389,578,825,1,1188
2390,67,473,2,1188
2391,1121,1173,5,1188
2392,579,826,1,1189
2393,62,470,2,1189
2394,1211,1263,5,1189
2395,598,845,1,1190
2396,85,493,2,1190
2397,1093,1145,5,1190
2398,597,844,1,1191
2399,86,492,2,1191
2400,1229,1281,5,1191
2401,566,814,1,1192
2402,67,465,2,1192
2403,1172,1229,5,1192
2404,568,816,1,1193
2405,70,467,2,1193
2406,1117,1174,5,1193
2407,578,826,1,1194
2408,68,474,2,1194
2409,1103,1153,5,1194
2410,544,792,1,1195
2411,70,186,2,1195
2412,198,443,2,1195
2413,1150,1207,5,1195
2414,120,309,6,1196
2415,35,283,6,1197
2416,15,128,4,1198
2417,8,121,4,1199
2418,596,844,1,1200
2419,89,496,2,1200
2420,1119,1169,5,1200
2421,591,839,1,1201
2422,84,490,2,1201
2423,1119,1170,5,1201
2424,296,544,1,1202
2425,24,196,2,1202
2426,904,961,5,1202
2427,69,203,4,1203
2428,27,152,4,1204
2429,543,791,1,1205
2430,39,442,2,1205
2431,1005,1055,5,1205
2432,42,256,6,1206
2433,32,276,6,1207
2434,89,248,6,1208
2435,89,227,6,1209
2436,107,285,6,1210
2437,35,284,6,1211
2438,43,231,6,1212
2439,50,290,6,1213
2440,35,152,4,1214
2441,20,137,4,1215
2442,626,810,1,1216
2443,88,524,2,1216
2444,1120,1165,5,1216
2445,21,185,9,1811
2446,65,210,9,1812
2447,10,130,4,1217
2448,6,126,4,1218
2449,9,132,4,1219
2450,531,571,7,1220
2451,537,589,7,1221
2452,493,550,7,1222
2453,607,855,1,1223
2454,100,506,2,1223
2455,1135,1185,5,1223
2456,603,851,1,1224
2457,82,502,2,1224
2458,1214,1266,5,1224
2459,579,827,1,1225
2460,75,478,2,1225
2461,1139,1189,5,1225
2462,417,669,1,1226
2463,269,364,10,1226
2464,177,425,1,1227
2465,5,77,2,1227
2466,734,784,5,1227
2467,573,821,1,1228
2468,69,472,2,1228
2469,1126,1176,5,1228
2470,573,821,1,1229
2471,69,472,2,1229
2472,1131,1181,5,1229
2473,592,840,1,1230
2474,85,491,2,1230
2475,1121,1171,5,1230
2476,586,834,1,1231
2477,79,486,2,1231
2478,1145,1195,5,1231
2479,607,855,1,1232
2480,100,506,2,1232
2481,1131,1181,5,1232
2482,579,827,1,1233
2483,75,478,2,1233
2484,1106,1156,5,1233
2485,3,117,4,1234
2486,8,121,4,1235
2487,302,357,7,1236
2488,484,544,7,1236
2489,235,300,7,1237
2490,324,494,6,1238
2491,42,293,6,1239
2492,51,276,6,1240
2493,33,274,6,1241
2494,25,272,6,1242
2495,37,257,6,1243
2496,586,834,1,1244
2497,79,486,2,1244
2498,1145,1195,5,1244
2499,586,834,1,1245
2500,79,486,2,1245
2501,1163,1213,5,1245
2502,597,845,1,1246
2503,90,496,2,1246
2504,1130,1180,5,1246
2505,586,834,1,1247
2506,79,486,2,1247
2507,1148,1198,5,1247
2508,586,834,1,1248
2509,79,486,2,1248
2510,1140,1190,5,1248
2511,592,840,1,1249
2512,85,491,2,1249
2513,1117,1167,5,1249
2514,595,843,1,1250
2515,85,494,2,1250
2516,1120,1170,5,1250
2517,599,847,1,1251
2518,91,497,2,1251
2519,1108,1134,5,1251
2520,602,850,1,1252
2521,91,500,2,1252
2522,1111,1137,5,1252
2523,583,829,1,1253
2524,76,480,2,1253
2525,1131,1182,5,1253
2526,598,846,1,1254
2527,88,497,2,1254
2528,1116,1166,5,1254
2529,600,848,1,1255
2530,90,499,2,1255
2531,1118,1168,5,1255
2532,602,850,1,1256
2533,91,500,2,1256
2534,1109,1133,5,1256
2535,597,844,1,1257
2536,91,495,2,1257
2537,1156,1201,5,1257
2538,592,840,1,1258
2539,85,491,2,1258
2540,1111,1153,5,1258
2541,579,827,1,1259
2542,75,478,2,1259
2543,1105,1155,5,1259
2544,579,827,1,1260
2545,75,478,2,1260
2546,1123,1173,5,1260
2547,300,546,1,1261
2548,30,197,2,1261
2549,878,927,5,1261
2550,578,826,1,1262
2551,75,479,2,1262
2552,1103,1153,5,1262
2553,595,843,1,1263
2554,88,495,2,1263
2555,1116,1166,5,1263
2556,577,825,1,1264
2557,73,476,2,1264
2558,1111,1161,5,1264
2559,573,821,1,1265
2560,67,472,2,1265
2561,1146,1196,5,1265
2562,340,588,1,1266
2563,2,239,2,1266
2564,921,971,5,1266
2565,44,342,6,1267
2566,45,309,6,1268
2567,124,315,4,1269
2568,26,143,4,1270
2569,26,143,4,1271
2570,6,120,4,1272
2571,6,120,4,1273
2572,6,120,4,1274
2573,6,120,4,1275
2574,6,120,4,1276
2575,29,259,6,1277
2576,29,259,6,1278
2577,29,259,6,1279
2578,29,259,6,1280
2579,29,259,6,1281
2580,29,259,6,1282
2581,1,231,6,1283
2582,31,270,6,1284
2583,297,534,6,1284
2584,48,290,6,1285
2585,50,294,6,1286
2586,56,200,6,1287
2587,55,291,6,1288
2588,61,288,6,1289
2589,163,266,6,1290
2590,37,240,6,1291
2591,306,372,7,1292
2592,86,274,6,1293
2593,39,280,6,1294
2594,33,261,6,1295
2595,32,261,6,1296
2596,5,123,4,1297
2597,3,118,4,1298
2598,4,121,4,1299
2599,2,119,4,1300
2600,7,126,4,1301
2601,33,197,9,1813
2602,83,189,9,1814
2603,7,121,4,1302
2604,5,119,4,1303
2605,7,120,4,1304
2606,587,835,1,1305
2607,80,486,2,1305
2608,1116,1166,5,1305
2609,587,835,1,1306
2610,71,486,2,1306
2611,1144,1187,5,1306
2612,274,522,1,1307
2613,5,173,2,1307
2614,852,902,5,1307
2615,272,435,8,1815
2616,555,610,7,1308
2617,579,827,1,1309
2618,75,478,2,1309
2619,1137,1187,5,1309
2620,572,820,1,1310
2621,69,471,2,1310
2622,1019,1069,5,1310
2623,573,820,1,1311
2624,69,473,2,1311
2625,945,1002,5,1311
2626,596,844,1,1312
2627,89,495,2,1312
2628,1089,1139,5,1312
2629,590,837,1,1313
2630,84,488,2,1313
2631,1154,1198,5,1313
2632,590,837,1,1314
2633,84,488,2,1314
2634,1095,1139,5,1314
2635,574,821,1,1315
2636,70,472,2,1315
2637,1111,1155,5,1315
2638,585,833,1,1316
2639,80,484,2,1316
2640,1125,1175,5,1316
2641,522,774,1,1317
2642,51,287,6,1317
2643,56,296,6,1318
2644,48,302,6,1319
2645,51,289,6,1320
2646,177,266,6,1321
2647,13,132,4,1322
2648,6,123,4,1323
2649,4,118,4,1324
2650,5,124,4,1325
2651,5,119,4,1326
2652,25,144,4,1327
2653,6,119,4,1328
2654,6,125,4,1329
2655,8,125,4,1330
2656,4,125,4,1331
2657,10,124,4,1332
2658,40,271,6,1333
2659,34,274,6,1334
2660,49,292,6,1335
2661,42,269,6,1336
2662,83,347,6,1337
2663,20,253,6,1338
2664,55,237,6,1339
2665,18,257,6,1340
2666,42,255,6,1341
2667,33,270,6,1342
2668,48,285,6,1343
2669,1211,1275,7,1344
2670,508,573,7,1345
2671,68,174,9,1816
2672,111,178,9,1817
2673,65,208,9,1818
2674,65,208,9,1346
2675,65,208,9,1819
2676,29,262,6,1347
2677,29,259,6,1348
2678,89,248,6,1349
2679,35,277,6,1350
2680,29,262,6,1351
2681,41,286,6,1352
2682,29,262,6,1353
2683,10,126,4,1354
2684,6,120,4,1355
2685,12,128,4,1356
2686,12,123,4,1357
2687,358,423,7,1358
2688,221,287,7,1359
2689,218,281,7,1360
2690,330,387,7,1360
2691,6,123,4,1361
2692,6,117,4,1362
2693,7,128,4,1363
2694,4,123,4,1364
2695,4,123,4,1365
2696,9,127,4,1366
2697,5,124,4,1367
2698,18,137,4,1368
2699,50,221,6,1369
2700,24,248,6,1370
2701,39,203,6,1371
2702,49,221,6,1372
2703,24,248,6,1373
2704,48,175,9,1820
2705,67,170,9,1821
2706,328,390,7,1374
2707,492,545,7,1375
2708,561,614,7,1376
2709,611,859,1,1377
2710,104,511,2,1377
2711,1145,1195,5,1377
2712,37,154,4,1378
2713,5,119,4,1379
2714,495,560,7,1380
2715,23,143,4,1381
2716,23,143,4,1382
2717,79,225,9,1822
2718,54,278,6,1383
2719,66,303,6,1384
2720,36,286,6,1385
2721,163,373,6,1386
2722,89,326,6,1387
2723,28,279,6,1388
2724,47,275,6,1389
2725,4,117,4,1390
2726,1,97,4,1391
2727,5,120,4,1392
2728,10,124,4,1393
2729,9,130,4,1394
2730,586,834,1,1395
2731,79,486,2,1395
2732,1153,1203,5,1395
2733,42,91,7,1396
2734,4100,4162,7,1397
2735,71,135,7,1398
2736,63,195,4,1399
2737,573,821,1,1400
2738,69,472,2,1400
2739,960,1010,5,1400
2740,581,829,1,1401
2741,77,480,2,1401
2742,1137,1187,5,1401
2743,573,821,1,1402
2744,69,472,2,1402
2745,1132,1182,5,1402
2746,579,827,1,1403
2747,75,478,2,1403
2748,1106,1156,5,1403
2749,579,827,1,1404
2750,75,478,2,1404
2751,1120,1170,5,1404
2752,541,789,1,1405
2753,69,471,2,1405
2754,1141,1191,5,1405
2755,571,819,1,1406
2756,64,470,2,1406
2757,1131,1181,5,1406
2758,447,692,1,1407
2759,286,389,10,1407
2760,607,855,1,1408
2761,100,506,2,1408
2762,1131,1181,5,1408
2763,579,827,1,1409
2764,75,478,2,1409
2765,1138,1188,5,1409
2766,586,834,1,1410
2767,79,485,2,1410
2768,1115,1165,5,1410
2769,592,840,1,1411
2770,83,490,2,1411
2771,1108,1143,5,1411
2772,418,666,1,1412
2773,150,317,2,1412
2774,948,998,5,1412
2775,418,666,1,1413
2776,150,317,2,1413
2777,945,995,5,1413
2778,560,808,1,1414
2779,75,459,2,1414
2780,1173,1223,5,1414
2781,560,808,1,1415
2782,75,459,2,1415
2783,1087,1137,5,1415
2784,578,826,1,1416
2785,69,476,2,1416
2786,1094,1129,5,1416
2787,337,585,1,1417
2788,61,236,2,1417
2789,871,905,5,1417
2790,586,834,1,1418
2791,79,486,2,1418
2792,1140,1190,5,1418
2793,579,827,1,1419
2794,75,478,2,1419
2795,1138,1188,5,1419
2796,607,855,1,1420
2797,100,506,2,1420
2798,1137,1187,5,1420
2799,579,827,1,1421
2800,75,478,2,1421
2801,1138,1188,5,1421
2802,586,834,1,1422
2803,79,485,2,1422
2804,1121,1171,5,1422
2805,586,834,1,1423
2806,79,486,2,1423
2807,1140,1190,5,1423
2808,583,831,1,1424
2809,76,482,2,1424
2810,1103,1153,5,1424
2811,592,840,1,1425
2812,85,491,2,1425
2813,1117,1167,5,1425
2814,576,824,1,1426
2815,69,475,2,1426
2816,1101,1151,5,1426
2817,557,805,1,1427
2818,50,456,2,1427
2819,1082,1132,5,1427
2820,561,809,1,1428
2821,54,460,2,1428
2822,1086,1136,5,1428
2823,602,850,1,1429
2824,91,500,2,1429
2825,1111,1137,5,1429
2826,561,809,1,1430
2827,54,460,2,1430
2828,1086,1136,5,1430
2829,592,840,1,1431
2830,85,491,2,1431
2831,1117,1167,5,1431
2832,593,839,1,1432
2833,86,490,2,1432
2834,1137,1188,5,1432
2835,583,829,1,1433
2836,76,480,2,1433
2837,1066,1117,5,1433
2838,572,818,1,1434
2839,65,469,2,1434
2840,1116,1167,5,1434
2841,590,836,1,1435
2842,83,487,2,1435
2843,1134,1185,5,1435
2844,575,815,1,1436
2845,70,476,2,1436
2846,1135,1186,5,1436
2847,573,821,1,1437
2848,66,472,2,1437
2849,1141,1192,5,1437
2850,607,855,1,1438
2851,100,506,2,1438
2852,1175,1226,5,1438
2853,598,846,1,1439
2854,88,497,2,1439
2855,1123,1173,5,1439
2856,592,840,1,1440
2857,85,491,2,1440
2858,1117,1167,5,1440
2859,561,809,1,1441
2860,54,460,2,1441
2861,1086,1136,5,1441
2862,576,824,1,1442
2863,69,475,2,1442
2864,1101,1151,5,1442
2865,584,832,1,1443
2866,83,489,2,1443
2867,1093,1119,5,1443
2868,402,654,1,1444
2869,263,354,10,1444
2870,407,659,1,1445
2871,263,359,10,1445
2872,583,829,1,1446
2873,76,480,2,1446
2874,1129,1180,5,1446
2875,575,823,1,1447
2876,68,474,2,1447
2877,1100,1150,5,1447
2878,572,820,1,1448
2879,69,471,2,1448
2880,1152,1202,5,1448
2881,595,843,1,1449
2882,88,494,2,1449
2883,1120,1170,5,1449
2884,586,834,1,1450
2885,79,485,2,1450
2886,1114,1165,5,1450
2887,579,827,1,1451
2888,75,478,2,1451
2889,1106,1156,5,1451
2890,607,855,1,1452
2891,100,506,2,1452
2892,1134,1184,5,1452
2893,579,827,1,1453
2894,75,478,2,1453
2895,1106,1156,5,1453
2896,579,827,1,1454
2897,75,478,2,1454
2898,1193,1243,5,1454
2899,579,827,1,1455
2900,75,478,2,1455
2901,1106,1156,5,1455
2902,579,827,1,1456
2903,75,478,2,1456
2904,1138,1188,5,1456
2905,579,827,1,1457
2906,75,478,2,1457
2907,1192,1242,5,1457
2908,579,827,1,1458
2909,75,478,2,1458
2910,1139,1189,5,1458
2911,586,834,1,1459
2912,79,486,2,1459
2913,1142,1192,5,1459
2914,573,821,1,1460
2915,69,472,2,1460
2916,1130,1180,5,1460
2917,602,850,1,1461
2918,89,498,2,1461
2919,1131,1181,5,1461
2920,575,823,1,1462
2921,77,474,2,1462
2922,1169,1226,5,1462
2923,568,816,1,1463
2924,70,467,2,1463
2925,1008,1065,5,1463
2926,578,825,1,1464
2927,72,477,2,1464
2928,1137,1182,5,1464
2929,577,824,1,1465
2930,71,476,2,1465
2931,1136,1181,5,1465
2932,590,837,1,1466
2933,84,489,2,1466
2934,1128,1173,5,1466
2935,571,818,1,1467
2936,71,470,2,1467
2937,1159,1204,5,1467
2938,593,840,1,1468
2939,87,492,2,1468
2940,1126,1171,5,1468
2941,416,666,1,1469
2942,265,359,10,1469
2943,403,654,1,1470
2944,251,346,10,1470
2945,403,654,1,1471
2946,251,346,10,1471
2947,560,808,1,1472
2948,53,459,2,1472
2949,1091,1142,5,1472
2950,579,827,1,1473
2951,75,478,2,1473
2952,1138,1188,5,1473
2953,607,855,1,1474
2954,100,506,2,1474
2955,1137,1187,5,1474
2956,579,827,1,1475
2957,75,478,2,1475
2958,1139,1189,5,1475
2959,579,827,1,1476
2960,75,478,2,1476
2961,1107,1157,5,1476
2962,571,819,1,1477
2963,64,470,2,1477
2964,1096,1143,5,1477
2965,579,827,1,1478
2966,75,478,2,1478
2967,1139,1189,5,1478
2968,265,513,1,1479
2969,11,164,2,1479
2970,818,868,5,1479
2971,582,830,1,1480
2972,77,483,2,1480
2973,1107,1157,5,1480
2974,579,827,1,1481
2975,75,478,2,1481
2976,1105,1155,5,1481
2977,579,827,1,1482
2978,75,478,2,1482
2979,1106,1156,5,1482
2980,573,821,1,1483
2981,69,472,2,1483
2982,1164,1214,5,1483
2983,573,821,1,1484
2984,69,472,2,1484
2985,1093,1143,5,1484
2986,573,821,1,1485
2987,69,472,2,1485
2988,1160,1210,5,1485
2989,586,834,1,1486
2990,79,486,2,1486
2991,1145,1195,5,1486
2992,573,821,1,1487
2993,69,472,2,1487
2994,1154,1204,5,1487
2995,586,834,1,1488
2996,79,486,2,1488
2997,1142,1192,5,1488
2998,572,820,1,1489
2999,69,471,2,1489
3000,1153,1203,5,1489
3001,586,834,1,1490
3002,79,486,2,1490
3003,1148,1198,5,1490
3004,589,837,1,1491
3005,82,489,2,1491
3006,1109,1156,5,1491
3007,567,815,1,1492
3008,69,466,2,1492
3009,1090,1146,5,1492
3010,587,835,1,1493
3011,80,487,2,1493
3012,1090,1137,5,1493
3013,580,827,1,1494
3014,74,478,2,1494
3015,1097,1142,5,1494
3016,575,822,1,1495
3017,71,473,2,1495
3018,1141,1186,5,1495
3019,585,832,1,1496
3020,79,483,2,1496
3021,1081,1126,5,1496
3022,573,812,1,1497
3023,67,473,2,1497
3024,1094,1145,5,1497
3025,587,820,1,1498
3026,81,487,2,1498
3027,1108,1159,5,1498
3028,573,812,1,1499
3029,68,473,2,1499
3030,1094,1145,5,1499
3031,581,829,1,1500
3032,69,490,2,1500
3033,1163,1219,5,1500
3034,577,825,1,1501
3035,73,476,2,1501
3036,1175,1225,5,1501
3037,567,810,1,1502
3038,61,467,2,1502
3039,1059,1110,5,1502
3040,600,848,1,1503
3041,85,499,2,1503
3042,1176,1222,5,1503
3043,573,821,1,1504
3044,62,472,2,1504
3045,1105,1151,5,1504
3046,565,813,1,1505
3047,69,464,2,1505
3048,1134,1184,5,1505
3049,512,760,1,1506
3050,69,411,2,1506
3051,1086,1136,5,1506
3052,571,819,1,1507
3053,63,470,2,1507
3054,1093,1143,5,1507
3055,596,844,1,1508
3056,85,495,2,1508
3057,1124,1173,5,1508
3058,593,841,1,1509
3059,85,492,2,1509
3060,1115,1140,5,1509
3061,588,836,1,1510
3062,80,487,2,1510
3063,1099,1149,5,1510
3064,596,844,1,1511
3065,85,495,2,1511
3066,1172,1218,5,1511
3067,592,840,1,1512
3068,81,491,2,1512
3069,1117,1163,5,1512
3070,582,830,1,1513
3071,76,481,2,1513
3072,1162,1212,5,1513
3073,555,803,1,1514
3074,70,186,2,1514
3075,198,455,2,1514
3076,934,984,5,1514
3077,580,828,1,1515
3078,80,479,2,1515
3079,1172,1229,5,1515
3080,570,818,1,1516
3081,70,469,2,1516
3082,1043,1100,5,1516
3083,580,828,1,1517
3084,70,479,2,1517
3085,1111,1168,5,1517
3086,582,830,1,1518
3087,73,481,2,1518
3088,1174,1231,5,1518
3089,592,840,1,1519
3090,70,491,2,1519
3091,1184,1241,5,1519
3092,568,816,1,1520
3093,62,467,2,1520
3094,1114,1171,5,1520
3095,565,812,1,1521
3096,57,464,2,1521
3097,1080,1130,5,1521
3098,579,827,1,1522
3099,75,478,2,1522
3100,1192,1242,5,1522
3101,593,840,1,1523
3102,85,492,2,1523
3103,1108,1158,5,1523
3104,588,835,1,1524
3105,80,487,2,1524
3106,1069,1119,5,1524
3107,607,855,1,1525
3108,100,506,2,1525
3109,1137,1187,5,1525
3110,592,840,1,1526
3111,81,491,2,1526
3112,1124,1170,5,1526
3113,596,844,1,1527
3114,88,495,2,1527
3115,1118,1144,5,1527
3116,561,809,1,1528
3117,53,460,2,1528
3118,1089,1139,5,1528
3119,579,827,1,1529
3120,75,478,2,1529
3121,1181,1231,5,1529
3122,579,827,1,1530
3123,75,478,2,1530
3124,1139,1189,5,1530
3125,579,827,1,1531
3126,75,478,2,1531
3127,1107,1157,5,1531
3128,572,820,1,1532
3129,69,471,2,1532
3130,1152,1202,5,1532
3131,573,821,1,1533
3132,69,472,2,1533
3133,1158,1208,5,1533
3134,586,834,1,1534
3135,79,486,2,1534
3136,1138,1188,5,1534
3137,573,821,1,1535
3138,69,472,2,1535
3139,1122,1172,5,1535
3140,586,834,1,1536
3141,79,486,2,1536
3142,1144,1194,5,1536
3143,586,834,1,1537
3144,79,485,2,1537
3145,1114,1164,5,1537
3146,579,827,1,1538
3147,75,478,2,1538
3148,1106,1156,5,1538
3149,585,833,1,1539
3150,81,483,2,1539
3151,1080,1130,5,1539
3152,574,822,1,1540
3153,70,472,2,1540
3154,1079,1129,5,1540
3155,577,825,1,1541
3156,75,476,2,1541
3157,1092,1142,5,1541
3158,578,826,1,1542
3159,69,477,2,1542
3160,1126,1183,5,1542
3161,571,818,1,1543
3162,79,470,2,1543
3163,1127,1172,5,1543
3164,586,834,1,1544
3165,79,485,2,1544
3166,1126,1176,5,1544
3167,586,834,1,1545
3168,79,485,2,1545
3169,1116,1166,5,1545
3170,435,683,1,1546
3171,97,334,2,1546
3172,964,1014,5,1546
3173,353,601,1,1547
3174,77,258,2,1547
3175,888,938,5,1547
3176,553,801,1,1548
3177,76,453,2,1548
3178,1112,1162,5,1548
3179,573,821,1,1549
3180,69,472,2,1549
3181,1159,1209,5,1549
3182,435,683,1,1550
3183,97,334,2,1550
3184,996,1046,5,1550
3185,485,733,1,1551
3186,3,384,2,1551
3187,1041,1091,5,1551
3188,346,594,1,1552
3189,1,245,2,1552
3190,934,984,5,1552
3191,577,825,1,1553
3192,73,476,2,1553
3193,1182,1232,5,1553
3194,579,827,1,1554
3195,75,478,2,1554
3196,1106,1156,5,1554
3197,577,825,1,1555
3198,70,476,2,1555
3199,1107,1158,5,1555
3200,587,835,1,1556
3201,80,487,2,1556
3202,1102,1152,5,1556
3203,592,839,1,1557
3204,86,491,2,1557
3205,1167,1212,5,1557
3206,565,812,1,1558
3207,69,464,2,1558
3208,1147,1204,5,1558
3209,584,831,1,1559
3210,80,483,2,1559
3211,955,1000,5,1559
3212,557,804,1,1560
3213,51,456,2,1560
3214,1086,1131,5,1560
3215,9,130,4,1561
3216,96,271,8,1823
3217,95,263,8,1824
3218,95,266,8,1825
3219,273,521,1,1562
3220,4,172,2,1562
3221,888,938,5,1562
3222,579,827,1,1563
3223,74,478,2,1563
3224,1122,1173,5,1563
3225,579,827,1,1564
3226,75,478,2,1564
3227,1139,1189,5,1564
3228,591,839,1,1565
3229,84,491,2,1565
3230,1145,1195,5,1565
3231,573,821,1,1566
3232,69,472,2,1566
3233,1154,1204,5,1566
3234,573,821,1,1567
3235,69,472,2,1567
3236,1186,1236,5,1567
3237,600,848,1,1568
3238,84,499,2,1568
3239,1131,1182,5,1568
3240,607,855,1,1569
3241,100,506,2,1569
3242,1140,1190,5,1569
3243,579,827,1,1570
3244,75,478,2,1570
3245,1122,1172,5,1570
3246,596,844,1,1571
3247,85,495,2,1571
3248,1175,1224,5,1571
3249,573,821,1,1572
3250,69,472,2,1572
3251,1135,1185,5,1572
3252,13,131,4,1573
3253,7,120,4,1574
3254,35,196,9,1840
3255,8,171,9,1841
3256,57,184,9,1826
3257,90,245,9,1827
3258,24,191,9,1828
3259,8,138,4,1575
3260,9,126,4,1576
3261,44,293,6,1577
3262,781,846,7,1578
3263,862,918,7,1578
3264,1139,1203,7,1579
3265,548,611,7,1580
3266,651,712,7,1581
3267,245,306,7,1582
3268,276,333,7,1583
3269,561,619,7,1583
3270,41,91,7,1584
3271,293,346,7,1585
3272,34,241,6,1586
3273,38,288,6,1587
3274,20,251,6,1588
3275,43,263,6,1589
3276,36,279,6,1590
3277,69,309,6,1591
3278,32,272,6,1592
3279,189,247,7,1593
3280,370,434,7,1594
3281,549,607,7,1595
3282,44,335,6,1596
3283,46,300,6,1597
3284,8,123,4,1598
3285,12,133,4,1599
3286,9,129,4,1600
3287,5,125,4,1601
3288,6,125,4,1602
3289,7,127,4,1603
3290,7,127,4,1604
3291,8,127,4,1605
3292,8,127,4,1606
3293,12,128,4,1607
3294,14,136,4,1608
3295,3,120,4,1609
3296,4,118,4,1610
3297,7,120,4,1611
3298,7,122,4,1612
3299,10,123,4,1613
3300,66,189,9,1842
3301,9,128,4,1614
3302,10,130,4,1615
3303,4,125,4,1616
3304,6,126,4,1617
3305,6,126,4,1618
3306,4,118,4,1619
3307,32,308,6,1620
3308,41,277,6,1621
3309,35,288,6,1622
3310,38,277,6,1623
3311,522,594,7,1624
3312,610,676,7,1624
3313,593,659,7,1625
3314,675,740,7,1625
3315,664,730,7,1626
3316,742,808,7,1626
3317,824,889,7,1626
3318,905,969,7,1626
3319,987,1050,7,1626
3320,1234,1298,7,1626
3321,571,637,7,1627
3322,653,718,7,1627
3323,587,835,1,1628
3324,71,486,2,1628
3325,1144,1187,5,1628
3326,580,828,1,1629
3327,77,479,2,1629
3328,1135,1185,5,1629
3329,59,348,6,1630
3330,579,827,1,1631
3331,75,478,2,1631
3332,1139,1189,5,1631
3333,396,462,7,1632
3334,35,103,7,1633
3335,740,789,7,1634
3336,437,483,7,1635
3337,343,403,7,1636
3338,599,666,7,1637
3339,1149,1212,7,1637
3340,539,600,7,1638
3341,594,669,7,1639
3342,8,237,6,1640
3343,28,275,6,1641
3344,21,266,6,1642
3345,31,276,6,1643
3346,40,322,6,1644
3347,40,275,6,1645
3348,59,294,6,1646
3349,31,276,6,1647
3350,10,130,4,1648
3351,20,141,4,1649
3352,13,132,4,1650
3353,8,132,4,1651
3354,6,119,4,1652
3355,5,124,4,1653
3356,6,126,4,1654
3357,368,616,1,1655
3358,15,268,2,1655
3359,934,984,5,1655
3360,607,855,1,1656
3361,100,506,2,1656
3362,1174,1225,5,1656
3363,611,857,1,1657
3364,104,508,2,1657
3365,1155,1206,5,1657
3366,179,377,8,1843
3367,287,533,1,1658
3368,131,228,10,1658
3369,577,825,1,1659
3370,73,476,2,1659
3371,1153,1203,5,1659
3372,283,531,1,1660
3373,35,182,2,1660
3374,766,798,5,1660
3375,518,766,1,1661
3376,249,417,2,1661
3377,1103,1152,5,1661
3378,606,854,1,1662
3379,91,504,2,1662
3380,1115,1141,5,1662
3381,574,822,1,1663
3382,79,474,2,1663
3383,1107,1157,5,1663
3384,69,195,4,1664
3385,103,279,8,1835
3386,35,272,6,1665
3387,156,222,7,1666
3388,156,222,7,1667
3389,600,848,1,1668
3390,84,499,2,1668
3391,1133,1184,5,1668
3392,591,839,1,1669
3393,84,490,2,1669
3394,1013,1064,5,1669
3395,145,393,1,1670
3396,5,45,2,1670
3397,689,739,5,1670
3398,184,433,1,1671
3399,32,128,10,1671
3400,77,216,6,1672
3401,94,232,6,1673
3402,30,269,6,1674
3403,29,280,6,1675
3404,65,257,6,1676
3405,31,273,6,1677
3406,81,171,6,1678
3407,65,234,6,1679
3408,25,257,6,1680
3409,31,266,6,1681
3410,79,221,6,1682
3411,8,123,4,1683
3412,5,119,4,1684
3413,7,120,4,1685
3414,6,120,4,1686
3415,250,497,1,1687
3416,43,148,2,1687
3417,845,888,5,1687
3418,177,425,1,1688
3419,5,77,2,1688
3420,832,889,5,1688
3421,581,829,1,1689
3422,76,480,2,1689
3423,1125,1176,5,1689
3424,587,835,1,1690
3425,71,486,2,1690
3426,1145,1188,5,1690
3427,587,835,1,1691
3428,80,486,2,1691
3429,1116,1166,5,1691
3430,579,827,1,1692
3431,70,478,2,1692
3432,1185,1242,5,1692
3433,595,843,1,1693
3434,88,494,2,1693
3435,1115,1165,5,1693
3436,546,794,1,1694
3437,39,445,2,1694
3438,1071,1121,5,1694
3439,29,181,9,1829
3440,607,855,1,1695
3441,100,507,2,1695
3442,1146,1196,5,1695
3443,587,835,1,1696
3444,82,487,2,1696
3445,1112,1162,5,1696
3446,575,823,1,1697
3447,70,475,2,1697
3448,1100,1150,5,1697
3449,687,935,1,1698
3450,79,602,2,1698
3451,1342,1392,5,1698
3452,635,883,1,1699
3453,88,535,2,1699
3454,1156,1206,5,1699
3455,547,794,1,1700
3456,39,445,2,1700
3457,1134,1183,5,1700
3458,278,526,1,1701
3459,9,178,2,1701
3460,788,838,5,1701
3461,595,843,1,1702
3462,88,495,2,1702
3463,1114,1164,5,1702
3464,467,575,4,1703
3465,84,277,3,1836
3466,547,605,7,1704
3467,7,121,4,1705
3468,3,116,4,1706
3469,5,123,4,1707
3470,8,126,4,1708
3471,6,127,4,1709
3472,36,186,6,1710
3473,49,289,6,1711
3474,31,150,6,1712
3475,25,255,6,1713
3476,96,319,8,1830
3477,37,272,6,1714
3478,586,834,1,1715
3479,79,486,2,1715
3480,1149,1199,5,1715
3481,198,257,7,1716
3482,564,615,7,1717
3483,30,297,6,1718
3484,35,263,6,1719
3485,35,265,6,1720
3486,31,273,6,1721
3487,8,53,4,1722
3488,166,367,8,1831
3489,10,128,4,1723
3490,3,115,4,1724
3491,573,821,1,1725
3492,69,472,2,1725
3493,1143,1193,5,1725
3494,545,793,1,1726
3495,59,445,2,1726
3496,927,977,5,1726
3497,578,826,1,1727
3498,71,477,2,1727
3499,1103,1153,5,1727
3500,270,518,1,1728
3501,2,169,2,1728
3502,796,846,5,1728
3503,286,534,1,1729
3504,17,186,2,1729
3505,848,898,5,1729
3506,2,119,4,1730
3507,577,825,1,1731
3508,73,476,2,1731
3509,1190,1247,5,1731
3510,588,836,1,1732
3511,81,488,2,1732
3512,1090,1133,5,1732
3513,590,837,1,1733
3514,84,489,2,1733
3515,1168,1213,5,1733
3516,586,834,1,1734
3517,79,486,2,1734
3518,1149,1199,5,1734
3519,177,425,1,1735
3520,5,76,2,1735
3521,590,640,5,1735
3522,95,284,8,1832
3523,573,821,1,1736
3524,69,472,2,1736
3525,1160,1210,5,1736
3526,573,821,1,1737
3527,69,472,2,1737
3528,1160,1210,5,1737
3529,586,834,1,1738
3530,79,486,2,1738
3531,1144,1194,5,1738
3532,588,836,1,1739
3533,81,487,2,1739
3534,1078,1129,5,1739
3535,590,838,1,1740
3536,80,486,2,1740
3537,1104,1154,5,1740
3538,591,839,1,1741
3539,84,490,2,1741
3540,1104,1154,5,1741
3541,6,120,4,1742
3542,8,126,4,1743
3543,13,132,4,1744
3544,12,162,4,1745
3545,244,417,8,1833
3546,34,291,6,1746
3547,25,89,7,1747
3548,34,261,6,1748
3549,42,239,6,1749
3550,30,269,6,1750
3551,58,244,6,1751
3552,55,244,6,1752
3553,93,279,6,1753
3554,30,279,6,1754
3555,37,289,6,1755
3556,61,300,6,1756
3557,581,829,1,1757
3558,76,480,2,1757
3559,1153,1203,5,1757
3560,418,666,1,1758
3561,3,287,2,1758
3562,941,991,5,1758
3563,396,462,7,1759
3564,242,490,1,1760
3565,5,77,2,1760
3566,800,850,5,1760
3567,586,834,1,1761
3568,79,486,2,1761
3569,1140,1190,5,1761
3570,572,820,1,1762
3571,69,471,2,1762
3572,1153,1203,5,1762
3573,6,126,4,1763
3574,43,275,6,1764
3575,22,274,6,1765
3576,8,124,4,1766
3577,6,126,4,1767
3578,6,120,4,1768
3579,6,120,4,1769
3580,42,138,6,1770
3581,596,844,1,1771
3582,85,495,2,1771
3583,1170,1216,5,1771
3584,346,594,1,1772
3585,1,246,2,1772
3586,789,838,5,1772
3587,8,126,4,1773
3588,151,346,3,1834
3589,41,151,9,1799
3590,579,827,1,1774
3591,75,478,2,1774
3592,1106,1156,5,1774
3593,797,853,7,1775
3594,68,185,4,1776
3595,41,158,4,1777
3596,5,124,4,1778
3597,6,127,4,1779
3598,8,122,4,1780
3599,589,837,1,1781
3600,82,488,2,1781
3601,1109,1159,5,1781
3602,577,825,1,1782
3603,68,476,2,1782
3604,1163,1213,5,1782
3605,567,813,1,1783
3606,62,464,2,1783
3607,1099,1150,5,1783
3608,580,828,1,1784
3609,83,478,2,1784
3610,1096,1131,5,1784
3611,583,831,1,1785
3612,79,482,2,1785
3613,1109,1159,5,1785
3614,62,196,6,1786
3615,30,269,6,1787
3616,35,286,6,1788
3617,131,264,6,1789
3618,56,164,6,1790
3619,156,221,7,1791
3620,30,269,6,1792
3621,59,235,6,1793
3622,35,277,6,1794
3623,48,298,6,1795
3624,64,302,6,1796
3625,38,286,6,1797
